sample	fit_result	Site	Dx_Bin	dx	Hx_Prev	Hx_of_Polyps	Age	Gender	Smoke	Diabetic	Hx_Fam_CRC	Height	Weight	BMI	White	Native	Black	Pacific	Asian	Other	Ethnic	NSAID	Abx	Diabetes_Med
2003650	0	U Michigan	High Risk Normal	normal	0	1	64	m		0	1	182	120	36.22750875	1	0	0	0	0	0	0	0	0	0
2005650	0	U Michigan	High Risk Normal	normal	0	1	61	m	0	0	0	167	78	27.96801606	1	0	0	0	0	0	0	0	0	0
2007660	26	U Michigan	High Risk Normal	normal	0	1	47	f	0	0	1	170	63	21.79930796	1	0	0	0	0	0	0	0	0	0
2009650	10	Toronto	Adenoma	adenoma	0	1	81	f	1	0	0	168	65	23.03004535	1	0	0	0	0	0	0	1	0	0
2013660	0	U Michigan	Normal	normal	0	0	44	f	0	0	0	170	72	24.91349481	1	0	0	0	0	0	0	1	0	0
2015650	0	Dana Farber	High Risk Normal	normal	0	1	51	f	1	0	0	160	67	26.171875	1	0	0	0	0	0	0	0	0	0
2017660	7	Dana Farber	Cancer	cancer	1	1	78	m	1	1	0	172	78	26.36560303	1	0	0	0	0	0	0	0	0	1
2019651	19	U Michigan	Normal	normal	0	0	59	m	0	0	0	177	65	20.74755019	1	0	0	0	0	0	0	0	0	0
2023680	0	Dana Farber	High Risk Normal	normal	1	1	63	f	1	0	0	154	54	22.76943835	1	0	0	0	0	0	0	0	0	0
2025653	1509	U Michigan	Cancer	cancer	1	1	67	m	1	0	0	167	58	20.79672989	1	0	0	0	0	0	0	0	0	0
2027653	0	Toronto	Normal	normal	0	0	65	f	0	0	0	167	60	21.51385851	1	0	0	0	0	0	1	0	0	0
2029650	0	U Michigan	Adenoma	adenoma	0	1	55	m	1	0	1	185	90	26.29656684	1	0	0	0	0	0	0	1	0	0
2031650	0	Toronto	Adenoma	adenoma	0	1	72	f	1	0	0	160	57	22.265625	1	0	0	0	0	0	0	0	0	0
2033650	0	Toronto	High Risk Normal	normal	1	0	77	m	0	0	1	177	68	21.70512943	1	0	0	0	0	0	0	0	0	0
2035650	0	Toronto	adv Adenoma	adenoma	0	0	62	m	0	1	0	180	93	28.7037037	1	0	0	0	0	0	0	0	0	1
2037653	72	Toronto	Cancer	cancer	0	0	88	f	0	0	0	166	63	22.86253448	1	0	0	0	0	0	0	0	0	0
2039650	0	Toronto	Normal	normal	0	1	56	f	1	0	0	158	80	32.04614645	1	0	0	0	0	0	0	0	0	0
2041650	0	U Michigan	Adenoma	adenoma	0	1	69	m	1	0	1	177	86	27.45060487	1	0	0	0	0	0	0	1	0	0
2043650	5	Toronto	High Risk Normal	normal	0	1	63	m	1	0	1	173	70	23.38868656	1	0	0	0	0	0	0	1	0	0
2045653	0	U Michigan	Normal	normal	0	1	59	f	0	0	1	167	72	25.81663021	1	0	0	0	0	0	0	0	0	0
2049653	0	Dana Farber	Adenoma	adenoma	0	1	65	f	1	0	0	167	63	22.58955144	1	0	0	0	0	0	0	0	0	0
2051660	0	Dana Farber	Adenoma	adenoma	1	0	64	f	1	1	0	162	108	41.15226337	1	0	0	0	0	0	0	1	0	1
2055690	0	Dana Farber	adv Adenoma	adenoma	1	1	74	f	0	0	0	160	72	28.125	1	0	0	0	0	0	0	0	0	0
2057650	0	U Michigan	High Risk Normal	normal	0	1	59	m	0	0	0	177	81	25.85463947	1	0	0	0	0	0	0	1	0	0
2059653	0	Toronto	adv Adenoma	adenoma	0	1	75	m		1	1	182	98	29.58579882	1	0	0	0	0	0	0	1	0	1
2061650	0	Dana Farber	High Risk Normal	normal	0	1	40	f	1	0	0	160	120	46.875	1	0	0	0	0	0	0	0	0	0
2063650	0	Dana Farber	High Risk Normal	normal	1	1	67	f	1	0	0	160	81	31.640625	1	0	0	0	0	0	0	0	0	0
2065651	0	Toronto	adv Adenoma	adenoma	0	1	76	m	0	0	0	177	72	22.98190175	1	0	0	0	0	0	0	0	0	0
2067650	21	Toronto	Adenoma	adenoma	0	1	69	f	0	0	0	165	81	29.75206612	1	0	0	0	0	0	0	0	0	0
2071650	0	U Michigan	High Risk Normal	normal	0	1	52	f	1	0	1	172	54	18.25310979	1	0	0	0	0	0	0	0	0	0
2073650	0	U Michigan	High Risk Normal	normal	0	1	49	f	0	0	0	152	61	26.40235457	1	0	0	0	0	0	0	0	0	0
2075650	0	U Michigan	Adenoma	adenoma	0	1	53	m	0	1	0	187	100	28.59675713	0	0	1	0	0	0	0	1	0	1
2077653	0	U Michigan	Normal	normal	0	0	39	f	0	0	0	162	61	23.24340802	1	0	0	0	0	0	0	0	0	0
2081660	0	U Michigan	High Risk Normal	normal	0	1	43	f	1	0	1	175	74	24.16326531	1	0	0	0	0	0	0	0	0	0
2083650	0	Dana Farber	High Risk Normal	normal	0	0	29	f	0	0	1	162	47	17.90885536	1	0	0	0	0	0	0	0	0	0
2085653	7	Dana Farber	Normal	normal	0	0	32	f	0	0	0	170	102	35.29411765	1	0	0	0	0	0	0	1	0	0
2087650	5	Dana Farber	High Risk Normal	normal	1	1	35	f	0	0	0	162	86	32.76939491	1	0	0	0	0	0	0	0	0	0
2093650	286	Dana Farber	Normal	normal	1	0	42	m	0	0	0	167	76	27.25088745	1	0	0	0	0	0	0	0	0	0
2097653	0	Dana Farber	Normal	normal	0	0	51	m	0	0	0	177	76	24.25867407	1	0	0	0	0	0	0	0	0	0
2103650	0	U Michigan	Normal	normal	0	1	59	f	1	0	0	152	63	27.26800554	1	0	0	0	0	0	0	0	0	0
2105652	314	U Michigan	Normal	normal	0	0	49	m	0	0	0	172	80	27.04164413	1	0	0	0	0	0	0	0	0	0
2107650	0	U Michigan	High Risk Normal	normal	0	1	77	f	0	1	0	165	86	31.58861341	1	0	0	0	0	0	0	0	0	0
2109653	0	Dana Farber	Normal	normal	1	0	48	f	1	0	0	172	121	40.90048675	1	0	0	0	0	0	0	0	0	0
2113670	10	U Michigan	Adenoma	adenoma	0	1	61	f	1	0	0	175	80	26.12244898	1	0	0	0	0	0	0	0	0	0
2115650	0	Dana Farber	High Risk Normal	normal	0	1	37	f	0	0	0	162	88	33.53147386	1	0	0	0	0	0	0	0	0	0
2117651	1	U Michigan	Adenoma	adenoma	0	1	68	m	1	0	0	182	104	31.39717425	1	0	0	0	0	0	0	1	0	0
2119650	0	U Michigan	High Risk Normal	normal	0	1	62	f	1	0	0	160	81	31.640625	1	0	0	0	0	0	0	0	0	0
2123652	0	U Michigan	Adenoma	adenoma	0	0	51	m	1	0	0	177	88	28.08899103	1	0	0	0	0	0	0	1	0	0
2125650	0	U Michigan	Adenoma	adenoma	0	1	68	f	1	0	0	182	77	23.24598478	1	0	0	0	0	0	0	0	0	0
2127650	0	U Michigan	Adenoma	adenoma	0	1	68	m	0	0	0	180	118	36.41975309	1	0	0	0	0	0	0	0	0	0
2129660	0	U Michigan	High Risk Normal	normal	0	1	57	m	0	1	0	182	78	23.54788069	0	0	1	0	0	0	0	0	0	1
2131650	0	U Michigan	Adenoma	adenoma	0	1	60	f	0	0	0	165	84	30.85399449	1	0	0	0	0	0	0	0	0	0
2133650	0	U Michigan	adv Adenoma	adenoma	0	1	55	m	1	1	0	187	120	34.31610855	1	0	0	0	0	0	0	0	0	0
2137650	0	U Michigan	High Risk Normal	normal	0	0	52	f	0	0	1	170	96	33.21799308	1	0	0	0	0	0	0	0	0	0
2139650	0	Dana Farber	adv Adenoma	adenoma	0	1	65	f	1	0	0	160	57	22.265625	1	0	0	0	0	0	0	0	0	0
2143653	0	U Michigan	adv Adenoma	adenoma	0	1	64	m	0	0	1	180	70	21.60493827	1	0	0	0	0	0	0	0	0	0
2145660	0	U Michigan	Normal	normal	0	1	62	m	1	0	0	182	90	27.17063157	1	0	0	0	0	0	0	0	0	0
2147680	0	U Michigan	Normal	normal	0	1	55	f	1	1	0	152	83	35.92451524	1	0	0	0	0	0	0	0	0	1
2149650	0	U Michigan	Normal	normal	0	1	44	f	0	0	0	167	61	21.87242282	1	0	0	0	0	0	0	0	0	0
2151650	0	U Michigan	High Risk Normal	normal	0	1	48	m	0	0	1	170	77	26.64359862	1	0	0	0	0	0	0	0	0	0
2153660	47	U Michigan	Adenoma	adenoma	0	1	55	m	1	0	0	203	111	26.93586352	0	0	1	0	0	0	0	0	0	0
2155650	0	U Michigan	Adenoma	adenoma	0	1	67	m	0	0	0	182	100	30.18959063	1	0	0	0	0	0	0	0	0	0
2157660	0	U Michigan	High Risk Normal	normal	0	1	54	m	1	0	0	170	73	25.25951557	1	0	0	0	0	0	0	1	0	0
2159650	1	U Michigan	Adenoma	adenoma	0	1	58	f		0	1	160	58	22.65625	1	0	0	0	0	0	0	0	0	0
2161653	0	U Michigan	Normal	normal	0	0	55	f	0	0	0	167	50	17.92821543	1	0	0	0	0	0	0	0	0	0
2163653	0	U Michigan	Normal	normal	0	0	51	f	0	0	0	165	58	21.30394858	1	0	0	0	0	0	0	0	0	0
2165652	0	Toronto	Normal	normal	0	0	55	f	0	0	0	167	56	20.07960128	1	0	0	0	0	0	0	1	0	0
2167670	0	Toronto	High Risk Normal	normal	1	1	61	m	0	0	1	182	81	24.45356841	1	0	0	0	0	0	0	1	0	0
2169653	0	Toronto	Normal	normal	0	0	56	m	0	0	0	177	86	27.45060487	1	0	0	0	0	0	0	0	0	0
2171690	0	Toronto	Normal	normal	0	0	36	f	1	0	0	172	100	33.80205516	1	0	0	0	0	0	0	0	0	0
2173650	0	Toronto	Adenoma	adenoma	0	0	60	m	0	0	0	177	74	23.62028791	1	0	0	0	0	0	0	0	0	0
2177653	0	Toronto	Normal	normal	0	0	56	f	0	0	0	162	68	25.91068435	1	0	0	0	0	0	0	1	0	0
2179650	71	Toronto	adv Adenoma	adenoma	0	0	63	m	1	0	0	185	81	23.66691015	1	0	0	0	0	0	0	1	0	0
2181650	0	Toronto	High Risk Normal	normal	0	0	45	m	0	0	1	193	108	28.99406695	1	0	0	0	0	0	0	0	0	0
2183650	0	Toronto	Adenoma	adenoma	0	0	71	m	1	0	0	173	71	23.72281065	1	0	0	0	0	0	0	0	0	0
2185670	982	Toronto	adv Adenoma	adenoma	0	0	63	m	1	0	0	185	81	23.66691015	1	0	0	0	0	0	0	1	0	0
2187680	1200	Toronto	Cancer	cancer	0	0	78	f	0	0	0	154	60	25.29937595	1	0	0	0	0	0	0	0	0	0
2189650	0	U Michigan	High Risk Normal	normal	1	1	76	f	0	1	0	175	113	36.89795918	1	0	0	0	0	0	0	1	0	1
2193650	0	U Michigan	High Risk Normal	normal	1	1	72	m	0	0	0	177	70	22.34351559	1	0	0	0	0	0	0	0	0	0
2195651	0	U Michigan	Normal	normal	0	1	70	m	1	0	0	180	102	31.48148148	1	0	0	0	0	0	0	1	0	0
2197670	1	Toronto	adv Adenoma	adenoma	0	0	71	m	1	0	0	165	72	26.44628099	1	0	0	0	0	0	0	0	0	0
2199650	0	U Michigan	Adenoma	adenoma	0	1	79	m	0	0	0	160	56	21.875	0	0	0	0	1	0	0	1	0	0
2201650	0	U Michigan	High Risk Normal	normal	0	0	49	f	0	0	1	170	71	24.56747405	1	0	0	0	0	0	0	0	0	0
2203653	1992	U Michigan	Cancer	cancer	1	1	45	m	1	0	0	185	102	29.80277575	1	0	0	0	0	0	0	0	0	0
2205670	7	U Michigan	Adenoma	adenoma	0	1	78	m	1	0	1	185	93	27.17311907	1	0	0	0	0	0	0	1	0	0
2207653	0	U Michigan	adv Adenoma	adenoma	0	1	57	f	1	0	1	165	69	25.34435262	1	0	0	0	0	0	0	0	0	0
2215650	0	Toronto	Normal	normal	0	0	35	m	1	0	0	172	70	23.66143862	1	0	0	0	0	0	0	0	0	0
2219650	0	Toronto	Adenoma	adenoma	0	1	65	f	1	0	0	165	72	26.44628099	1	0	0	0	0	0	0	1	0	0
2221650	0	Toronto	adv Adenoma	adenoma	0	1	58	m	1	1	0	187	91	26.02304899	0	0	0	0	0	1	0	0	0	1
2223650	0	Toronto	Adenoma	adenoma	0	1	74	m	1	0	0	177	81	25.85463947	1	0	0	0	0	0	0	1	0	0
2225650	0	Toronto	Normal	normal	0	0	63	f	0	0	0	166	49	17.78197126	1	0	0	0	0	0	0	0	0	0
2227660	0	Toronto	adv Adenoma	adenoma	0	1	81	m	1	0	0	177	92	29.36576335	1	0	0	0	0	0	0	1	0	0
2229653	0	Toronto	adv Adenoma	adenoma	1	1	67	f	0	0	0	161	62	23.91883029	1	0	0	0	0	0	0	0	0	0
2231653	0	Toronto	adv Adenoma	adenoma	0	1	72	m	1	0	0	167	73	26.17519452	1	0	0	0	0	0	0	0	0	0
2239650	14	Toronto	Adenoma	adenoma	0	1	61	f	0	0	1	163	61	22.95908766	1	0	0	0	0	0	0	0	0	0
2241650	40	Toronto	adv Adenoma	adenoma	1	1	73	m	0	0	0	180	72	22.22222222	1	0	0	0	0	0	0	0	0	0
2243651	0	Toronto	adv Adenoma	adenoma	0	1	63	m	1	1	0	173	97	32.41003709	1	0	0	0	0	0	0	0	0	1
2253660	0	Toronto	adv Adenoma	adenoma	0	1	57	m	0	0	0	195	95	24.98356345	1	0	0	0	0	0	0	1	0	0
2255653	140	Dana Farber	Cancer	cancer	1	1	72	m	1	0	0	167	68	24.38237298	1	0	0	0	0	0	0	1	0	0
2257660	0	Dana Farber	High Risk Normal	normal	0	1	64	m	0	0	1	182	96	28.982007	1	0	0	0	0	0	0	0	0	0
2261650	0	Dana Farber	Adenoma	adenoma	1	1	58	m	1	0	0	177	88	28.08899103	1	0	0	0	0	0	0	0	0	0
2265651	0	Toronto	adv Adenoma	adenoma	0	0	58	m	1	0	0	172	81	27.37966468	1	0	0	0	0	0	0	0	0	0
2267653	149	Dana Farber	Cancer	cancer	1	0	54	m	0	0	0	182	90	27.17063157	1	0	0	0	0	0	0	0	0	0
2271650	45	Dana Farber	Adenoma	adenoma	0	1	66	m	1	0	1	182	79	23.8497766	1	0	0	0	0	0	0	1	0	0
2277650	0	Toronto	High Risk Normal	normal	0	0	47	f	0	0	1	152	61	26.40235457	1	0	0	0	0	0	0	0	0	0
2279650	0	Toronto	Normal	normal	0	0	62	m	1	0	0	182	131	39.54836372	1	0	0	0	0	0	0	0	0	0
2281651	0	Toronto	adv Adenoma	adenoma	0	0	59	m	0	0	0	182	85	25.66115203	1	0	0	0	0	0	0	0	0	0
2283670	1346	Toronto	Cancer	cancer	0	0	60	f	1	0	0	155	56	23.30905307	1	0	0	0	0	0	0	0	0	0
2285653	0	U Michigan	Cancer	cancer	0	1	71	f	1	0	0	157	69	27.99302203	1	0	0	0	0	0	0	0	0	0
2287660	939	Dana Farber	Cancer	cancer	1	1	64	m	0	0	0	180	74	22.83950617	1	0	0	0	0	0	0	0	0	0
2289650	0	Dana Farber	High Risk Normal	normal	0	1	48	f	1	0	0	160	97	37.890625	0	0	0	0	0	1	1	1	0	0
2291653	1379	U Michigan	Cancer	cancer	0	1	75	f	0	1	0	162	74	28.1969212	1	0	0	0	0	0	0	0	0	0
2293650	0	Dana Farber	Normal	normal	1	0	35	f	0	0	0	162	62	23.62444749	1	0	0	0	0	0	0	0	0	0
2295650	0	Dana Farber	adv Adenoma	adenoma	0	1	78	m	0	0	0	180	81	25	1	0	0	0	0	0	0	1	0	0
2297650	0	Dana Farber	Adenoma	adenoma	1	1	52	m	1	0	1	177	86	27.45060487	1	0	0	0	0	0	0	0	0	0
2301650	37	Toronto	Adenoma	adenoma	0	1	53	m	1	0	0	185	111	32.43243243	1	0	0	0	0	0	0	0	0	0
2305651	0	Dana Farber	Cancer	cancer	1	1	71	m	1	1	0	175	82	26.7755102	1	0	0	0	0	0	0	0	0	1
2307650	0	Dana Farber	adv Adenoma	adenoma	1	1	43	m	0	0	0	185	77	22.49817385	1	0	0	0	0	0	0	0	0	0
2309650	1	Dana Farber	High Risk Normal	normal	0	1	42	f	1	0	0	165	63	23.14049587	1	0	0	0	0	0	0	0	0	0
2313680	0	Toronto	adv Adenoma	adenoma	0	1	79	m	0	1	0	185	106	30.97151205	1	0	0	0	0	0	0	0	0	0
2315650	0	U Michigan	Normal	normal	0	0	37	f	1	0	1	162	56	21.33821064	1	0	0	0	0	0	0	0	0	0
2321650	148	Dana Farber	Normal	normal	0	1	41	m	1	0	0	167	56	20.07960128	0	0	1	0	0	0	0	0	0	0
2325660	211	U Michigan	Cancer	cancer	1	1	80	f	0	0	0	165	76	27.91551882	1	0	0	0	0	0	0	1	0	0
2327650	12	U Michigan	Adenoma	adenoma	0	1	64	m	0	1	0	185	70	20.45288532	1	0	0	0	0	0	0	0	0	1
2329650	0	U Michigan	Normal	normal	1	0	55	f	1	0	0	162	71	27.05380277	1	0	0	0	0	0	0	0	0	0
2335650	79	Dana Farber	adv Adenoma	adenoma	0	1	67	f	0	1	0	162	78	29.7210791	1	0	0	0	0	0	0	0	0	1
2337650	0	U Michigan	High Risk Normal	normal	0	1	62	f	1	0	0	165	56	20.56932966	1	0	0	0	0	0	0	1	0	0
2339651	1278	Dana Farber	Cancer	cancer	1	1	45	m	1	0	1	167	68	24.38237298	1	0	0	0	0	0	0	0	0	0
2341650	0	Dana Farber	High Risk Normal	normal	1	1	59	f	0	0	1	167	63	22.58955144	1	0	0	0	0	0	0	0	0	0
2343650	30	Dana Farber	Cancer	cancer	1	1	72	m	1	0	0	167	86	30.83653053	1	0	0	0	0	0	0	0	0	0
2349653	668	U Michigan	Cancer	cancer	0	1	78	f	0	0	1	180	88	27.16049383	1	0	0	0	0	0	0	0	0	1
2353670	0	U Michigan	High Risk Normal	normal	0	1	70	m	1	0	0	187	108	30.8844977	1	0	0	0	0	0	0	1	0	0
2355653	29	MD Anderson	Cancer	cancer	1	1	70	m	0	0	0	167	65	23.30668005	1	0	0	0	0	0	0	0	0	0
2359650	1341	Toronto	adv Adenoma	adenoma	0	0	72	m	0	0	0	167	72	25.81663021	1	0	0	0	0	0	0	1	0	0
2365651	1	MD Anderson	Cancer	cancer	1	0	62	f	1	0	0	154	71	29.93759487	1	0	0	0	0	0	0	0	0	0
2367650	0	MD Anderson	Normal	normal		1	64	m	1	0	0	180	99	30.55555556	1	0	0	0	0	0	0	0	0	0
2373690	70	Toronto	Cancer	cancer	0	0	80	f	0	0	0	162	79	30.10211858	1	0	0	0	0	0	0	0	0	0
2375650	0	Toronto	Adenoma	adenoma	0	1	72	f	1	0	0	160	61	23.828125	1	0	0	0	0	0	0	0	0	0
2379653	0	Toronto	adv Adenoma	adenoma	0	1	41	f	0	0	0	165	70	25.71166208	1	0	0	0	0	0	0	0	0	0
2389650	0	MD Anderson	Normal	normal	1	1	60	m	1	0	0	185	111	32.43243243	1	0	0	0	0	0	0	0	0	0
2393650	2544	Toronto	adv Adenoma	adenoma	0	1	80	m	0	0	0	172	83	28.05570579	1	0	0	0	0	0	0	0	0	0
2395670	938	Toronto	Cancer	cancer	0	0	85	m	1	0	0	180	90	27.77777778	1	0	0	0	0	0	0	1	0	0
2399670	1724	Toronto	Cancer	cancer	0	0	78	m	1	0	0	177	79	25.21625331	1	0	0	0	0	0	0	0	0	0
2405680	420	Dana Farber	Cancer	cancer	1	1	84	f	0	0	0	157	78	31.64428577	1	0	0	0	0	0	0	0	0	0
2409670	237	Dana Farber	Cancer	cancer	0	1	80	m	0	0	0	195	102	26.82445759	1	0	0	0	0	0	0	1	0	0
2411660	0	Dana Farber	adv Adenoma	adenoma	1	1	69	m	1	0	0	172	79	26.70362358	1	0	0	0	0	0	0	1	0	0
2413660	0	Dana Farber	adv Adenoma	adenoma	1	1	68	f	1	0	0	157	85	34.48415757	1	0	0	0	0	0	0	1	0	0
2419660	994	Dana Farber	Cancer	cancer	0	1	68	m	1	0	0	170	77	26.64359862	1	0	0	0	0	0	0	0	0	0
2421651	133	MD Anderson	Cancer	cancer	1	1	47	f	1	0	0	160	74	28.90625	1	0	0	0	0	0	0	0	0	0
2427660	0	MD Anderson	Normal	normal	0	0	56	f	0	0	0	170	66	22.83737024	1	0	0	0	0	0	0		1	0
2431660	1297	MD Anderson	Cancer	cancer	1	1	62	m	0	0	0	167	72	25.81663021	0	0	1	0	0	0	0	0	0	0
2433650	0	Toronto	adv Adenoma	adenoma	1	1	67	m	1	1	0	175	75	24.48979592	1	0	0	0	0	0	0	0	0	1
2435680	0	Toronto	Adenoma	adenoma	0	0	56	m	0	0	0	185	69	20.16070124	1	0	0	0	0	0	0	0	0	0
2437680	0	Toronto	adv Adenoma	adenoma	0	1	59	m	0	0	0	180	77	23.7654321	0	0	1	0	0	0	0	0	0	0
2447651	0	Toronto	adv Adenoma	adenoma	0	1	86	m	0	0	0	177	73	23.30109483	1	0	0	0	0	0	0	0	0	0
2449650	0	Toronto	adv Adenoma	adenoma	1	1	77	m	0	1	0	175	90	29.3877551	1	0	0	0	0	0	0	1	0	1
2453653	31	U Michigan	adv Adenoma	adenoma	0	1	58	m	1	0	0	180	128	39.50617284	1	0	0	0	0	0	0	0	0	0
2455650	1374	Dana Farber	Cancer	cancer	1	1	59	m	0	0	0	175	88	28.73469388	1	0	0	0	0	0	0	0	0	0
2457670	870	U Michigan	Cancer	cancer	0	1	59	m	1	0	0	162	79	30.10211858	1	0	0	0	0	0	0	0	0	0
2461651	0	Toronto	adv Adenoma	adenoma	0	1	60	m	1	0	1	175	88	28.73469388	1	0	0	0	0	0	0	0	0	0
2463651	45	Dana Farber	Cancer	cancer	1	1	46	m	0	0	1	185	90	26.29656684	1	0	0	0	0	0	0	0	0	0
2465680	1185	Dana Farber	Cancer	cancer	1	1	32	m	1	0	0	182	108	32.60475788	1	0	0	0	0	0	0	0	0	0
2471651	3	Toronto	Cancer	cancer	0	1	61	f	0	0	0	167	58	20.79672989	1	0	0	0	0	0	0	0	0	0
2473660	0	Toronto	Normal	normal	0	0	46	f	1	0	0	160	72	28.125	1	0	0	0	0	0	0	1	0	0
2475653	0	Toronto	adv Adenoma	adenoma	0	1	71	m	0	0	0	170	84	29.06574394	1	0	0	0	0	0	0	1	0	0
2487651	0	Toronto	adv Adenoma	adenoma	0	1	54	f	0	0	1	162	52	19.81405274	0	0	0	0	1	0	0	0	0	0
2491670	166	Toronto	adv Adenoma	adenoma	0	1	78	f	1	1	0	150	67	29.77777778	1	0	0	0	0	0	0	0	0	1
2493651	3	Toronto	adv Adenoma	adenoma	0	1	82	f	0	0	0	152	62	26.83518006	1	0	0	0	0	0	0	0	0	0
2495653	94	U Michigan	adv Adenoma	adenoma	0	1	79	m	1	0	1	0	0	0	1	0	0	0	0	0	0	0	0	0
2499660	842	Toronto	Cancer	cancer	0	1	85	m	1	0	0	175	80	26.12244898	1	0	0	0	0	0	0	0	0	0
2503650	0	Toronto	adv Adenoma	adenoma	0	1	79	m	1	0	1	190	83	22.99168975	1	0	0	0	0	0	0	1	0	0
2505651	29	Dana Farber	Cancer	cancer	1	1	57	m	0	0	0	172	81	27.37966468	1	0	0	0	0	0	0	0	0	0
2507651	2168	U Michigan	Cancer	cancer	1	1	60	m	0	1	1	185	193	56.39152666	1	0	0	0	0	0	0	1	0	0
2511650	778	Toronto	adv Adenoma	adenoma	0	1	72	m	0	0	0	167	63	22.58955144	1	0	0	0	0	0	0	0	0	0
2513680	97	MD Anderson	Cancer	cancer	0	1	69	m	0	0	0	185	95	27.75748722	1	0	0	0	0	0	0	1	0	0
2517650	0	MD Anderson	Adenoma	adenoma	0	1	53	m	0	0	0	177	93	29.68495643	1	0	0	0	0	0	0	0	0	0
2519650	0	Dana Farber	Adenoma	adenoma	0	1	51	m	0	0	0	170	74	25.60553633	1	0	0	0	0	0	0	0	0	0
2523653	392	MD Anderson	Cancer	cancer	1	1	37	m	0	0	0	177	110	35.11123879	1	0	0	0	0	0	0	0	0	0
2525651	118	Dana Farber	Cancer	cancer	1	1	79	f	1	0	1	162	68	25.91068435	1	0	0	0	0	0	0	0	0	0
2527670	916	MD Anderson	Cancer	cancer	1	1	53	m	0	0	0	180	98	30.24691358	1	0	0	0	0	0	0	0	0	0
2529680	18	Dana Farber	Cancer	cancer	1	1	75	f	1	0	0	160	77	30.078125	1	0	0	0	0	0	0	1	0	0
2531651	0	Toronto	adv Adenoma	adenoma	0	1	68	f	0	0	0	160	54	21.09375	1	0	0	0	0	0	0	0	0	0
2535652	317	MD Anderson	Cancer	cancer	1	1	69	m	0	0	0	180	85	26.2345679	1	0	0	0	0	0	0	1	0	0
2537670	0	Dana Farber	Cancer	cancer	1	1	74	f	1	0	0	157	79	32.04998174	1	0	0	0	0	0	0	0	0	0
2539660	485	Dana Farber	Cancer	cancer	1	1	52	m	1	0	0	167	96	34.42217362	1	0	0	0	0	0	0	0	0	0
2541670	371	MD Anderson	Cancer	cancer	1	1	64	f	1	1	0	165	64	23.50780533	0	0	0	0	0	1	1	0	0	1
2543653	2470	MD Anderson	Cancer	cancer	1	1	56	m	0	1	0	175	100	32.65306122	1	0	0	0	0	0	0	1	0	1
2545651	301	Dana Farber	adv Adenoma	adenoma	0	1	48	m	0	0	0	180	77	23.7654321	0	0	1	0	0	0	0	1	0	0
2547670	15	MD Anderson	Cancer	cancer	1	1	51	f	1	0	0	167	99	35.49786654	1	0	0	0	0	0	0	1	0	0
2551650	1	Dana Farber	adv Adenoma	adenoma	0	1	61	m	0	0	0	177	86	27.45060487	1	0	0	0	0	0	0	1	0	0
2555653	0	Toronto	adv Adenoma	adenoma	0	1	47	f	1	0	1	152	69	29.86495845	1	0	0	0	0	0	0	0	0	0
2559650	0	Toronto	adv Adenoma	adenoma	1	1	80	m	1	0	0	185	93	27.17311907	1	0	0	0	0	0	0	0	0	0
2565650	5	Toronto	Adenoma	adenoma	0	1	52	f	1	0	0	168	68	24.09297052	1	0	0	0	0	0	0	0	0	0
2567653	0	Dana Farber	Cancer	cancer	1	1	46	f	0	0	0	170	57	19.72318339	1	0	0	0	0	0	0	0	0	0
2571650	135	Dana Farber	Cancer	cancer	1	1	64	f	0	1	0	157	40	16.22783886	1	0	0	0	0	0	1	0	0	0
2575653	492	Dana Farber	Cancer	cancer	1	1	67	f	1	1	0	167	90	32.27078777	1	0	0	0	0	0	0	1	0	0
2579680	5	Dana Farber	Cancer	cancer	0	1	55	m	0	0	1	172	170	57.46349378	1	0	0	0	0	0	0	0	0	0
2581651	11	Toronto	Adenoma	adenoma	0	1	60	f	0	0	0	170	74	25.60553633	1	0	0	0	0	0	0	0	0	0
2583650	145	Toronto	adv Adenoma	adenoma	0	0	50	f	1	0	0	154	59	24.87771968	1	0	0	0	0	0	0	0	0	0
2587650	628	Toronto	adv Adenoma	adenoma	0	1	60	m	0	0	0	172	79	26.70362358	1	0	0	0	0	0	0	0	0	0
2589650	252	Toronto	adv Adenoma	adenoma	0	1	66	m	1	1	0	177	81	25.85463947	1	0	0	0	0	0	0	0	0	1
2597670	0	Toronto	adv Adenoma	adenoma	0	1	55	f	0	0	0	162	70	26.6727633	1	0	0	0	0	0	0	0	0	0
2599650	0	Toronto	Adenoma	adenoma	0	0	69	f	0	0	1	165	71	26.07897153	1	0	0	0	0	0	0	1	0	0
2603650	0	MD Anderson	Normal	normal	0	0	55	f	1	0	0	162	73	27.81588173	1	0	0	0	0	0	0	1	0	0
2611670	314	U Michigan	Cancer	cancer	1	1	49	m		1	0				1	0	0	0	0	0	0	0	0	1
2613650	324	U Michigan	Cancer	cancer	0	1	61	m	0	1	0	193	130	34.90026578	1	0	0	0	0	0	0	0	0	1
2617653	616	MD Anderson	Cancer	cancer	1	1	60	m	1	0	0	177	90	28.72737719	1	0	0	0	0	0	0	0	0	0
2619653	554	MD Anderson	Cancer	cancer	1	1	63	m	0	1	0	167	86	30.83653053	0	0	0	0	1	0	0	0	0	0
2625653	621	MD Anderson	Cancer	cancer	1	1	43	m	0	0	0	170	69	23.87543253	1	0	0	0	0	0	0	0	0	0
2629651	378	U Michigan	Cancer	cancer	1	1	52	m	1	0	0	180	93	28.7037037	1	0	0	0	0	0	0	0	0	0
2633670	258	U Michigan	Cancer	cancer	1	1	71	m	1	1	0	165	88	32.32323232	1	0	0	0	0	0	1	0	1	0
2637651	0	Toronto	adv Adenoma	adenoma	1	1	72	m	1	0	0	176	81	26.14927686	1	0	0	0	0	0	0	0	0	0
2639690	0	Toronto	Adenoma	adenoma	0	1	69	m	0	1	0	182	104	31.39717425	1	0	0	0	0	0	0	0	0	1
2641650	0	Toronto	Adenoma	adenoma	0	1	66	f	0	0	0	162	64	24.38652644	1	0	0	0	0	0	0	0	0	0
2643651	101	Toronto	adv Adenoma	adenoma	0	1	71	f	0	1	0	152	99	42.84972299	1	0	0	0	0	0	0	0	0	1
2647650	0	Toronto	Adenoma	adenoma	0	1	75	m	0	0	0	162	69	26.29172382	1	0	0	0	0	0	0	0	0	0
2657651	349	Toronto	adv Adenoma	adenoma	0	1	65	m	0	0	1	182	92	27.77442338	1	0	0	0	0	0	0	0	0	0
2665650	0	MD Anderson	Normal	normal	0	1	51	m	0	0	1	190	102	28.25484765	1	0	0	0	0	0	0	0	0	0
2667653	340	MD Anderson	Cancer	cancer	1	1	58	m	0	1	0	177	93	29.68495643	1	0	0	0	0	0	0	0	0	0
2669660	0	MD Anderson	Normal	normal	0	0	51	f	0	0	0	165	99	36.36363636	1	0	0	0	0	0	0	0	0	0
2671660	1432	MD Anderson	Cancer	cancer	1	1	60	m	1	0	0	182	109	32.90665379	1	0	0	0	0	0	0	0	0	0
2675680	0	MD Anderson	Normal	normal	0	0	62	m	1	0	0	177	97	30.96172875	1	0	0	0	0	0	0	0	0	0
2677650	0	MD Anderson	Normal	normal	0	0	44	f	0	0	0	154	67	28.25096981	0	0	0	0	0	1	1	0	0	0
2679660	74	MD Anderson	Adenoma	adenoma	0	1	61	m	1	0	0	177	90	28.72737719	1	0	0	0	0	0	0	1	0	0
2681650	0	MD Anderson	Normal	normal	0	0	51	f	0	0	0	162	51	19.43301326	1	0	0	0	0	0	0	0	0	0
2695652	0	MD Anderson	Normal	normal	0	0	50	f	0	0	0	172	99	33.46403461	1	0	0	0	0	0	0	0	0	0
2703653	460	Dana Farber	Cancer	cancer	1	1	51	f	1	0	0	175	65	21.2244898	1	0	0	0	0	0	0	0	0	0
2705653	265	MD Anderson	Cancer	cancer	1	1	64	f	1	0	1	167	68	24.38237298	1	0	0	0	0	0	0	1	0	0
2709650	1206	Toronto	Cancer	cancer	0	0	65	f	0	0	0	152	63	27.26800554	1	0	0	0	0	0	0	0	0	0
2713651	345	Toronto	adv Adenoma	adenoma	0	1	61	m	1	0	0	167	74	26.53375883	1	0	0	0	0	0	0	0	0	0
2717652	184	Toronto	adv Adenoma	adenoma		0	73	m	1	0	0	170	74	25.60553633	1	0	0	0	0	0	0	0	0	0
2719650	110	Toronto	Adenoma	adenoma	0	1	68	f	0	0	0	149	45	20.26935724	1	0	0	0	0	0	0	1	0	0
2725650	0	Dana Farber	adv Adenoma	adenoma	1	1	63	f			0	167	71	25.4580659	1	0	0	0	0	0		0	0	0
2727653	1062	Dana Farber	Cancer	cancer	1	1	48	m	0	0	0	182	109	32.90665379	1	0	0	0	0	0	0	0	0	0
2731670	0	MD Anderson	Normal	normal	0	0	52	f	0	0	0	162	74	28.1969212	1	0	0	0	0	0	0	0	0	0
2733650	0	MD Anderson	Normal	normal	0	0	41	m	0	0	0	185	74	21.62162162	1	0	0	0	0	0	0	0	0	0
2739651	2095	MD Anderson	Cancer	cancer	1	1	65	m	1	0	0	170	93	32.1799308	1	0	0	0	0	0	0	0	0	0
2743650	0	MD Anderson	Normal	normal	0	0	44	f	0	0	0	162	65	24.76756592	1	0	0	0	0	0	0	0	0	0
2751650	2589	MD Anderson	adv Adenoma	adenoma	0	1	59	m	0	1	0	175	89	29.06122449	1	0	0	0	0	0	0	0	0	0
2757652	0	Toronto	adv Adenoma	adenoma	0	0	37	m	0	0	0	180	79	24.38271605	1	0	0	0	0	0	0	0	0	0
2767650	83	Toronto	adv Adenoma	adenoma	0	1	82	m	1	0	0	185	78	22.79035793	1	0	0	0	0	0	0	0	0	0
2769660	0	Toronto	Cancer	cancer	1	1	78	m	0	0	1	180	99	30.55555556	1	0	0	0	0	0	0	0	0	0
2771670	723	Dana Farber	Cancer	cancer	1	1	59	f	1	0	0	165	81	29.75206612	1	0	0	0	0	0	0	0	0	0
2773651	581	U Michigan	Cancer	cancer	1	1	63	m	1	1	0	195	112	29.45430638	1	0	0	0	0	0	0	0	0	0
2775653	263	Toronto	adv Adenoma	adenoma	0	1	65	f	0	0	1	164	56	20.82093992	0	0	0	0	1	0	1	0	0	0
2777670	83	Toronto	Cancer	cancer	0	1	73	f	1	0	1	149	48	21.62064772	1	0	0	0	0	0	0	0	0	0
2779670	0	Toronto	Normal	normal	0	0	69	f	1	0	0	157	46	18.66201469	1	0	0	0	0	0	0	0	0	0
2785650	43	Toronto	adv Adenoma	adenoma	0	1	68	m	1	0	0	180	83	25.61728395	1	0	0	0	0	0	0	0	0	1
2787660	1640	Dana Farber	Cancer	cancer	1	1	64	f	1	0	0	175	108	35.26530612	1	0	0	0	0	0	0	1	0	0
2795690	0	Dana Farber	adv Adenoma	adenoma	0	1	47	m	0	0	0	180	74	22.83950617	1	0	0	0	0	0	0	1	0	0
2799653	0	Toronto	adv Adenoma	adenoma	0	1	82	m	1	1	0	155	86	35.79604579	0	0	0	0	1	0	0	0	0	1
2801653	2010	Dana Farber	Cancer	cancer	1	1	59	m	1	0	0	185	79	23.082542	1	0	0	0	0	0	0	0	0	0
2803670	0	Toronto	adv Adenoma	adenoma	1	1	62	m	1	0	1	176	88	28.40909091	1	0	0	0	0	0	0	1	0	0
2805660	957	Toronto	Cancer	cancer	0	0	68	f	1	0	0	160	76	29.6875	0	1	0	0	0	0	0	0	0	0
2807650	3	Toronto	adv Adenoma	adenoma	0	1	66	m	0	0	0	165	74	27.18089991	1	0	0	0	0	0	0	1	0	0
2811650	0	Toronto	Adenoma	adenoma	0	1	73	m	1	1	0	172	99	33.46403461	1	0	0	0	0	0	0	0	0	1
2815650	1086	Toronto	Adenoma	adenoma	0	1	89	m	1	0	0	177	77	24.57786715	1	0	0	0	0	0	0	1	0	0
2817670	87	Toronto	adv Adenoma	adenoma	0	1	72	f	0	0	0	167	59	21.1552942	1	0	0	0	0	0	0	0	0	0
2823650	0	Dana Farber	adv Adenoma	adenoma	0	1	66	f	0	1	0	162	69	26.29172382	0	0	1	0	0	0	0	0	0	0
2827650	1135	Dana Farber	Cancer	cancer	1	1	59	f	1	0	1	162	131	49.91617132	1	0	0	0	0	0	0	0	0	0
2829660	0	Dana Farber	Cancer	cancer	1	1	36	f	1	0	0	162	54	20.57613169	1	0	0	0	0	0	0	0	0	0
2831680	0	Dana Farber	adv Adenoma	adenoma	0	1	66	f	1	1	0	154	91	38.37072019	0	0	1	0	0	0	0	0	0	1
2835650	0	Dana Farber	High Risk Normal	normal	0	0	31	m	0	0	1	175	75	24.48979592	1	0	0	0	0	0	0	0	0	0
2837680	1443	Dana Farber	Cancer	cancer	1	1	58	m	1	0	0	182	72	21.73650525	1	0	0	0	0	0	0	1	0	0
2841680	0	U Michigan	Cancer	cancer	0	1	65	f	1	1	0	170	125	43.25259516	1	0	0	0	0	0	0		0	1
2843670	141	Toronto	Adenoma	adenoma	0	1	61	m	1	0	0	185	77	22.49817385	1	0	0	0	0	0	0	0	0	0
2849650	0	U Michigan	Adenoma	adenoma	0	0	50	f	1	0	0	154	77	32.46753247	1	0	0	0	0	0	0	0	0	0
2853660	1	U Michigan	High Risk Normal	normal	0	1	53	f	0	0	0	157	63	25.5588462	1	0	0	0	0	0	0	1	0	0
2855690	0	Toronto	Adenoma	adenoma		1	69	m	1	0	0	177	82	26.17383255	1	0	0	0	0	0	0	0	0	0
2857650	186	Dana Farber	Adenoma	adenoma	0	1	60	m	1	0	0	175	68	22.20408163	1	0	0	0	0	0	0	0	0	0
2859650	51	Toronto	adv Adenoma	adenoma	0	1	65	m	0	0	0	180	81	25	0	0	1	0	0	0	0	0	0	0
2861650	0	Toronto	Adenoma	adenoma	0	1	75	m	1	0	0	177	89	28.40818411	1	0	0	0	0	0	0	0	0	0
2863680	2230	Toronto	Cancer	cancer	0	1	57	m	1	0	0	185	118	34.47772096	1	0	0	0	0	0	0	0	0	0
2871650	0	Toronto	adv Adenoma	adenoma	0	0	62	m	0	0	0	172	80	27.04164413	1	0	0	0	0	0	0	0	0	0
2873653	101	Toronto	adv Adenoma	adenoma	0	0	47	m	0	0	0	178	90	28.40550436	1	0	0	0	0	0	0	0	0	0
2879660	101	Dana Farber	Cancer	cancer	1	1	69	f	1	0	1	170	63	21.79930796	1	0	0	0	0	0	0	1	0	0
2883650	0	Dana Farber	Adenoma	adenoma	1	1	86	f	0	0	0	165	52	19.10009183	0	0	1	0	0	0	0	0	0	0
2887670	548	Dana Farber	Cancer	cancer	1	1	69	m	0	0	0	185	97	28.34185537	1	0	0	0	0	0	0	0	0	0
2889660	0	Toronto	Adenoma	adenoma	0	1	65	m	1	1	0	182	88	26.56683975	1	0	0	0	0	0	0	0	0	1
2893660	0	U Michigan	Cancer	cancer	1	1	74	m	1	0	0	193	131	35.16872936	1	0	0	0	0	0	0	0	0	0
2895650	783	Toronto	Adenoma	adenoma	0	1	30	f	0	0	0	170	59	20.41522491	1	0	0	0	0	0	0	0	0	0
2901651	0	Toronto	Normal	normal	0	0	74	f	0	0	0	157	93	37.72972534	1	0	0	0	0	0	0	0	0	0
2903653	989	MD Anderson	Cancer	cancer	1	1	71	m	1	0	0	172	95	32.11195241	1	0	0	0	0	0	0	1	0	0
2905650	0	MD Anderson	Normal	normal	0	0	52	f	0	0	0	175	106	34.6122449	1	0	0	0	0	0	0	0	0	0
2907653	0	MD Anderson	Normal	normal	0	0	55	f	0	0	0	156	50	20.54569362	0	0	0	0	1	0	0	0	0	0
2909653	0	MD Anderson	Normal	normal	0	1	56	m	0	0	0	172	86	29.06976744	1	0	0	0	0	0	0	1	0	0
2911680	0	U Michigan	Cancer	cancer	0	1	81	f	0	0	0	157	57	23.12467037	1	0	0	0	0	0	0	0	0	0
2913650	0	MD Anderson	Normal	normal	0	0	69	f	0	0	0	152	61	26.40235457	0	0	0	0	1	0	0	0	0	0
2915650	206	Toronto	adv Adenoma	adenoma	1	0	81	f	0	0	0	154	45	18.97453196	1	0	0	0	0	0	0	1	0	0
2917650	3	MD Anderson	Normal	normal	1	0	58	f	0	0	0	163	73	27.47562949	1	0	0	0	0	0	0	1	0	0
2921652	0	MD Anderson	Normal	normal	0	0	56	m	0	0	0	182	87	26.26494385	1	0	0	0	0	0	0	0	0	0
2923650	5	Dana Farber	adv Adenoma	adenoma	0	1	54	f	1	0	1	162	79	30.10211858	1	0	0	0	0	0	1	0	0	0
2929650	1	Toronto	Adenoma	adenoma	0	1	46	m	0	0	0	179	98	30.58581193	1	0	0	0	0	0	0	0	0	0
2931650	79	U Michigan	adv Adenoma	adenoma	0	1	51	m	1	1	0	172	72	24.33747972	1	0	0	0	0	0	0	1	0	1
2933652	0	U Michigan	adv Adenoma	adenoma	0	1	53	f	1	0	0	162	81	30.86419753	1	0	0	0	0	0	0	0	0	0
2935650	0	Toronto	Adenoma	adenoma	0	1	56	f	1	0	0	175	86	28.08163265	1	0	0	0	0	0	0	0	0	0
2937653	90	Toronto	adv Adenoma	adenoma	0	1	53	m	1	0	1	173	86	28.73467206	1	0	0	0	0	0	0	0	0	0
2939650	0	Toronto	adv Adenoma	adenoma	0	1	75	m	1	0	0	180	90	27.77777778	1	0	0	0	0	0	0	0	0	0
2943650	103	Toronto	adv Adenoma	adenoma	1	1	79	m	0	0	0	167	68	24.38237298	1	0	0	0	0	0	0	0	0	0
2945660	3	Toronto	adv Adenoma	adenoma	0	1	40	f	1	0	0	153	59	25.20398137	1	0	0	0	0	0	0	0	0	0
2955670	85	Dana Farber	Cancer	cancer	0	1	75	m	1	0	0	177	81	25.85463947	1	0	0	0	0	0	0	1	0	0
2957680	1812	Dana Farber	Cancer	cancer	1	1	50	m	0	0	0	182	93	28.07631929	1	0	0	0	0	0	0	0	0	0
2959660	0	Dana Farber	Cancer	cancer	0	1	59	f	1	0	0	170	124	42.90657439	1	0	0	0	0	0	0	1	0	0
2961650	0	Toronto	Adenoma	adenoma	0	1	59	m	1	0	0	187	95	27.16691927	1	0	0	0	0	0	0	0	0	0
2963670	5	Toronto	Adenoma	adenoma	0	1	63	m	1	1	1	182	97	29.28390291	1	0	0	0	0	0	0	1	0	1
2965650	0	Toronto	Adenoma	adenoma	0	1	75	m	1	1	0	175	81	26.44897959	1	0	0	0	0	0		0	0	1
2967680	32	Toronto	adv Adenoma	adenoma	0	1	56	m	1	0	0	171	89	30.43671557	1	0	0	0	0	0	0	0	0	0
2969650	626	Toronto	Adenoma	adenoma	0	1	45	f	0	0	0	154	52	21.92612582	1	0	0	0	0	0	0	0	0	0
2971660	177	Toronto	adv Adenoma	adenoma	0	1	61	f	1	0	0	162	56	21.33821064	1	0	0	0	0	0	0	0	0	0
2981651	0	MD Anderson	Normal	normal	0	0	50	f	1	0	0	160	70	27.34375	1	0	0	0	0	0	1	0	0	0
2987670	0	Toronto	Normal	normal	0	1	61	f	0	0	0	157	72	29.21010994	1	0	0	0	0	0	0	0	0	0
2991650	0	Toronto	Adenoma	adenoma	0	1	56	f	0	0	0	157	66	26.77593411	1	0	0	0	0	0	0	0	0	0
2993690	1	U Michigan	Adenoma	adenoma	1	0	50	f	0	0	0	172	49	16.56300703	1	0	0	0	0	0	0	0	0	0
2995660	10	U Michigan	adv Adenoma	adenoma	1	1	47	f	1	0	1	170	70	24.22145329	1	0	0	0	0	0	0	1	0	0
2997651	0	U Michigan	Normal	normal	0	0	51	m	0	1	0	177	101	32.23850107	1	0	0	0	0	0	0	1	0	1
2999650	0	MD Anderson	Adenoma	adenoma	0	0	50	m	1	0	0	175	90	29.3877551	1	0	0	0	0	0	0	1	0	0
3001670	2964	U Michigan	Cancer	cancer	0	0	40	m	0	0	0	182	99	29.88769472	1	0	0	0	0	0	0	0	0	0
3005653	204	MD Anderson	Cancer	cancer	1	0	40	m	0	0	0	172	102	34.47809627	1	0	0	0	0	0	1	0	0	0
3009670	0	MD Anderson	Normal	normal	0	0	51	m	1	0	0	177	83	26.49302563	1	0	0	0	0	0	0	1	0	0
3011651	422	MD Anderson	Cancer	cancer	1	1	46	f	1	0	0	152	68	29.43213296	1	0	0	0	0	0	0	0	0	0
3013653	0	MD Anderson	Normal	normal	0	0	50	f	0	0	0	172	58	19.605192	1	0	0	0	0	0	0	1	0	0
3015650	0	MD Anderson	adv Adenoma	adenoma	0	1	36	f	0	1	0	165	61	22.40587695	0	0	1	0	0	0	0	0	0	1
3021690	12	MD Anderson	Normal	normal	0	0	54	m	0	0	0	177	99	31.60011491	1	0	0	0	0	0	0	1	0	0
3023652	0	MD Anderson	Normal	normal	0	0	44	f	1	0	0	152	60	25.96952909	1	0	0	0	0	0	0	1	0	0
3025650	0	MD Anderson	Normal	normal	0	0	40	m	0	0	0	166	68	24.67702134	1	0	0	0	0	0	0	0	0	0
3031650	251	Toronto	adv Adenoma	adenoma	1	1	86	f	1	0	0	167	77	27.60945176	1	0	0	0	0	0	0	1	0	0
3033660	0	Toronto	Cancer	cancer	1	1	75	f	1	1	0	156	120	49.30966469	1	0	0	0	0	0	0	0	0	1
3043652	0	MD Anderson	Normal	normal	0	0	52	f	0	0	0	165	56	20.56932966	0	0	0	0	1	0	0	0	0	0
3047652	0	MD Anderson	Normal	normal	0	0	49	f	0	0	0	162	53	20.19509221	1	0	0	0	0	0	0	1	0	0
3049660	0	MD Anderson	Normal	normal	0	0	51	f	0	0	1	177	89	28.40818411	1	0	0	0	0	0	0	0	0	0
3051650	0	MD Anderson	Normal	normal	0	0	59	f	1	0	0	168	74	26.21882086	0	0	1	0	0	0	0	0	0	0
3053650	0	MD Anderson	Normal	normal	0	0	50	f	1	0	0	170	98	33.9100346	1	0	0	0	0	0	0	0	0	0
3061660	0	MD Anderson	Normal	normal	0	0	75	m	0	0	0	170	73	25.25951557	0	0	0	0	1	0	0	0	0	0
3063660	0	MD Anderson	Normal	normal	0	0	52	m	0	0	1	162	65	24.76756592	0	0	0	0	1	0	0	0	0	0
3065652	770	MD Anderson	Cancer	cancer	1	0	60	m	1	0	0	167	98	35.13930223	0	0	1	0	0	0	0	1	0	0
3069660	30	MD Anderson	Normal	normal	0	1	72	f	1	0	0	165	55	20.2020202	1	0	0	0	0	0	0	1	0	0
3073680	5	Dana Farber	Normal	normal	0	0	55	f	1	0	0	177	81	25.85463947	1	0	0	0	0	0	0	0	0	0
3075653	0	MD Anderson	Normal	normal	0	0	35	f	0	0	1	167	99	35.49786654	1	0	0	0	0	0	0	0	0	0
3081660	203	Dana Farber	Cancer	cancer	1	1	53	m	1	0	0	190	102	28.25484765	1	0	0	0	0	0	0	0	0	0
3085650	0	Dana Farber	High Risk Normal	normal	1	1	57	f	1	0	1	182	68	20.52892163	1	0	0	0	0	0	0	0	0	0
3087661	1	MD Anderson	Normal	normal	0	0	51	m	1	0	0	167	70	25.0995016	1	0	0	0	0	0	0	1	0	0
3089650	10	MD Anderson	Normal	normal	1		62	f	1	1	0	154	60	25.29937595	1	0	0	0	0	0	0	1	0	0
3091650	5	MD Anderson	Normal	normal	0	0	57	m		0	0	170	94	32.52595156	1	0	0	0	0	0	0	1	0	0
3095670	1596	Dana Farber	Cancer	cancer	1	1	85	f	1	0	0	160	65	25.390625	1	0	0	0	0	0	0	1	0	0
3099680	356	Dana Farber	High Risk Normal	normal	1	1	45	f	0	0	1	167	59	21.1552942	1	0	0	0	0	0	0	0	0	0
3101650	0	MD Anderson	Normal	normal	1	0	61	f	1	0	0	165	68	24.97704316	1	0	0	0	0	0	0	0	0	0
3103670	10	MD Anderson	adv Adenoma	adenoma	0	0	60	f	0	0	1	162	72	27.43484225	1	0	0	0	0	0	0	0	0	0
3105660	74	Dana Farber	Adenoma	adenoma	1	1	72	f	1	0	0	152	65	28.13365651	1	0	0	0	0	0	0	0	0	0
3109650	1	Dana Farber	Normal	normal	1	0	72	f	1	0	0	167	63	22.58955144	1	0	0	0	0	0	0	0	0	0
3111650	0	Dana Farber	High Risk Normal	normal	0	1	55	f	1	0	1	157	87	35.29554952	1	0	0	0	0	0	0	0	0	0
3113650	0	Toronto	Adenoma	adenoma	0	1	79	m	1	0	0	180	67	20.67901235	1	0	0	0	0	0	0	0	0	0
3117652	658	Dana Farber	Cancer	cancer	1	1	88	f	1	0	0	167	86	30.83653053	1	0	0	0	0	0	0	0	0	0
3119660	207	MD Anderson	Cancer	cancer	1	0	48	m	0	0	0	182	109	32.90665379	1	0	0	0	0	0	0	0	0	0
3123653	0	MD Anderson	Normal	normal	0	0	55	f	0	0	0	139	73	37.78272346	0	0	0	0	1	0	0	1	0	0
3125660	0	MD Anderson	Normal	normal	0	0	62	m	0	0	0	157	65	26.37023814	0	0	0	0	1	0	0	0	0	0
3127690	0	MD Anderson	Adenoma	adenoma	0	0	54	f	1	0	0	167	69	24.74093729	1	0	0	0	0	0	0	1	0	0
3129670	10	Toronto	adv Adenoma	adenoma	0	1	50	f	1	0	1	160	61	23.828125	1	0	0	0	0	0	0	0	1	0
3131650	0	Toronto	Adenoma	adenoma	0	1	52	f	0	0	0	175	59	19.26530612	1	0	0	0	0	0	0	0	0	0
3133652	0	Toronto	adv Adenoma	adenoma	0	1	68	f	0	1	0	165	86	31.58861341	1	0	0	0	0	0	0	0	0	1
3135660	1072	Toronto	Cancer	cancer	0	0	74	f	0	1	1	157	59	23.93606231	0	0	0	0	1	0	0	0	0	0
3137650	118	U Michigan	Normal	normal	0	0	59	m	0	0	0	175	74	24.16326531	1	0	0	0	0	0	0	1	0	0
3139650	1477	Toronto	Adenoma	adenoma	0	1	31	f	1	0	0	157	48	19.47340663	0	0	0	0	1	0	0	0	0	0
3141652	0	Toronto	adv Adenoma	adenoma	0	1	64	m	0	0	1	182	83	25.05736022	1	0	0	0	0	0	0	1	0	0
3143650	0	Toronto	adv Adenoma	adenoma	0	1	72	m	1	0	0	174	87	28.73563218	1	0	0	0	0	0	0	0	0	0
3145650	13	Toronto	Adenoma	adenoma	0	1	82	f	0	0	0	152	43	18.61149584	1	0	0	0	0	0	0	1	0	0
3149653	6	U Michigan	adv Adenoma	adenoma	1	1	58	m	0	0	0	180	88	27.16049383	1	0	0	0	0	0	0	1	0	0
3153670	0	Toronto	adv Adenoma	adenoma	0	1	64	m	0	0	1	170	87	30.10380623	1	0	0	0	0	0	0	0	0	0
3155690	2600	Dana Farber	Cancer	cancer	1	1	54	m	0	0	0	177	92	29.36576335	1	0	0	0	0	0	0	0	0	0
3159650	0	Dana Farber	Normal	normal	1	0	51	f	0	0	0	170	62	21.4532872	1	0	0	0	0	0	0	0	0	0
3161650	20	Toronto	adv Adenoma	adenoma	0	1	56	f	1	0	0	165	70	25.71166208	1	0	0	0	0	0	0	0	0	0
3163690	264	U Michigan	Adenoma	adenoma	1	1	81	f	1	0	0	144	47	22.66589506	1	0	0	0	0	0	0	0	0	0
3169650	23	Toronto	Adenoma	adenoma	0	1	74	m	1	0	0	182	88	26.56683975	1	0	0	0	0	0	0	0	0	0
3173650	5	Toronto	adv Adenoma	adenoma	0	1	51	f	0	0	0	167	66	23.66524436	1	0	0	0	0	0	0	0	0	0
3181650	0	U Michigan	High Risk Normal	normal	0	1	80	m	0	0	0	180	72	22.22222222	1	0	0	0	0	0	0	1	0	0
3185650	0	MD Anderson	Normal	normal	1	0	58	f	0	0	0	167	77	27.60945176	1	0	0	0	0	0	0	1	0	0
3187680	0	Dana Farber	adv Adenoma	adenoma	1	1	56	f	0	0	0	171	50	17.09927841	1	0	0	0	0	0	0	1	0	0
3189650	0	Dana Farber	adv Adenoma	adenoma	0	1	51	f	0	0	0	152	83	35.92451524	1	0	0	0	0	0	0	0	0	0
3191650	0	Dana Farber	Normal	normal	1	0	36	f	0	0	0	175	67	21.87755102	1	0	0	0	0	0	0	0	0	0
3197670	682	Toronto	Cancer	cancer	0	1	83	f	0	0	0	161	72	27.77670615	1	0	0	0	0	0	0	0	0	0
3203680	288	Toronto	Cancer	cancer	0	1	76	m	1	0	0	180	102	31.48148148	1	0	0	0	0	0	0	1	0	0
3209651	0	MD Anderson	Normal	normal	0	0	61	f	0	0	0	160	93	36.328125	1	0	0	0	0	0	0	1	0	0
3211670	0	U Michigan	Normal	normal	0	0	51	f	0	0	0	172	90	30.42184965	1	0	0	0	0	0	0	0	1	0
3215650	148	U Michigan	Cancer	cancer	0	1	44	m	1	0	0	172	88	29.74580855	1	0	0	0	0	0	0	1	0	0
3217660	0	Toronto	adv Adenoma	adenoma	0	1	67	f	0	0	1	157	63	25.5588462	1	0	0	0	0	0	0	0	0	0
3219650	1	Dana Farber	High Risk Normal	normal	1	1	55	f	1	0	1	170	65	22.49134948	1	0	0	0	0	0	0	0	0	0
3221650	29	Dana Farber	High Risk Normal	normal	0	1	48	f	0	0	0	158	59	23.63403301	1	0	0	0	0	0	0	0	0	0
3223650	0	Toronto	adv Adenoma	adenoma	0	1	75	f	1	0	1	160	63	24.609375	1	0	0	0	0	0	0	0	0	0
3225690	88	Toronto	adv Adenoma	adenoma	0	1	68	f	0	0	0	162	79	30.10211858	1	0	0	0	0	0	0	0	0	0
3229650	0	Toronto	Adenoma	adenoma	1	0	79	m	1	0	0	180	83	25.61728395	1	0	0	0	0	0	0	0	0	0
3231650	0	Toronto	Adenoma	adenoma	0	1	71	m	0	0	0	177	88	28.08899103	1	0	0	0	0	0	0	1	0	0
3239650	0	MD Anderson	Normal	normal	0	0	52	m	0	0	1	185	120	35.06208912	1	0	0	0	0	0	0	0	1	0
3241660	0	U Michigan	Normal	normal	0	0	45	f	0	0	0	162	87	33.15043439	0	0	1	0	0	0	0	0	0	0
3243680	0	Dana Farber	Adenoma	adenoma	0	1	52	f	1	0	1	162	46	17.52781588	1	0	0	0	0	0	0	0	0	0
3245680	0	MD Anderson	Normal	normal	0	0	47	f	0	0	0	167	59	21.1552942	1	0	0	0	0	0	0	0	0	0
3247652	0	U Michigan	Normal	normal	0	0	51	f	0	0	0	162	56	21.33821064	1	0	0	0	0	0	0	0	0	0
3249650	0	MD Anderson	adv Adenoma	adenoma	0	0	62	m	0	0	0	172	79	26.70362358	1	0	0	0	0	0	0	1	0	0
3251653	0	MD Anderson	Normal	normal	0	0	57	f	1	0	0	152	55	23.80540166	0	0	0	0	0	1	1	1	0	0
3257660	0	U Michigan	Normal	normal	0	0	65	m	1	0	0	165	90	33.05785124	1	0	0	0	0	0	0	0	0	0
3263650	12	Dana Farber	Cancer	cancer	1	1	78	m	1	0	0	182	99	29.88769472	1	0	0	0	0	0	0	1	0	0
3267660	2426	Dana Farber	Cancer	cancer	1	1	61	m	0	0	0	167	68	24.38237298	1	0	0	0	0	0	0	0	0	0
3271650	0	MD Anderson	Normal	normal	0	0	49	m	0	0	1	180	83	25.61728395	1	0	0	0	0	0	0	0	0	0
3273652	0	Toronto	adv Adenoma	adenoma	0	1	63	f	0	0	0	170	79	27.33564014	1	0	0	0	0	0	0	0	0	0
3277650	78	Toronto	Adenoma	adenoma	0	1	76	f	1	0	0	167	65	23.30668005	1	0	0	0	0	0	0	0	0	0
3279650	0	U Michigan	adv Adenoma	adenoma	0	1	67	m	0	0	0	187	79	22.59143813	1	0	0	0	0	0	0	0	0	0
3281670	2784	U Michigan	Cancer	cancer	1	0	75	f	0	0	0	154	118	49.75543937	1	0	0	0	0	0	0	1	0	0
3283690	0	Toronto	Adenoma	adenoma	0	0	52	f	0	0	0	154	48	20.23950076	0	0	0	0	1	0		0	0	0
3289650	1885	U Michigan	Cancer	cancer	0	1	79	f	0	0	0	157	59	23.93606231	1	0	0	0	0	0	0	0	0	0
3291670	0	Dana Farber	Normal	normal	0	0	63	f	0	0	0	160	84	32.8125	0	0	1	0	0	0	0	1	0	0
3293653	0	MD Anderson	Normal	normal	0	0	52	f	0	0	0	162	84	32.00731596	1	0	0	0	0	0	0	0	0	0
3297650	2403	Dana Farber	Cancer	cancer	1	1	71	f	0	0	1	160	69	26.953125	1	0	0	0	0	0	0	0	0	0
3301660	660	Dana Farber	Cancer	cancer	1	1	55	f	0	0	0	167	64	22.94811574	1	0	0	0	0	0	0	1	0	0
3311680	9	U Michigan	Normal	normal	0	0	50	m	0	0	0	175	86	28.08163265	1	0	0	0	0	0	0	0	0	0
3313650	0	U Michigan	Cancer	cancer	0	1	73	f	1	0	0	149	56	25.224089	1	0	0	0	0	0	0	0	0	0
3315650	497	Dana Farber	Cancer	cancer	1	1	68	f	1	0	1	154	56	23.61275089	1	1	1	0	0	0	0	0	0	0
3317650	2611	Dana Farber	Cancer	cancer	1	1	65	f	0	0	0	167	61	21.87242282	1	0	0	0	0	0		0	0	0
3319650	130	U Michigan	Adenoma	adenoma	0	1	31	f	1	0	1	175	72	23.51020408	1	0	0	0	0	0	0	0	0	0
3321660	1211	U Michigan	Cancer	cancer	0	0	84	f	0	0	0	160	53	20.703125	1	0	0	0	0	0	0		0	0
3323670	3	U Michigan	Normal	normal	0	0	53	f	0	0	0	182	93	28.07631929	1	0	0	0	0	0	0	0	0	0
3327650	0	U Michigan	High Risk Normal	normal	0	1	54	f	0	0	0	165	71	26.07897153	1	0	0	0	0	0	0	0	0	0
3335650	0	Dana Farber	High Risk Normal	normal	0	1	53	f	0	0	1	167	71	25.4580659	1	0	0	0	0	0	0	0	0	0
3337650	154	MD Anderson	Cancer	cancer	0	0	58	m	1	0	0	180	103	31.79012346	1	0	0	0	0	0	0	1	0	0
3339680	0	U Michigan	Normal	normal	0	0	54	f	1	0	0	170	97	33.56401384	1	0	0	0	0	0	0	0	0	0
3341680	0	U Michigan	Normal	normal	0	0	75	f	0	0	0	170	68	23.52941176	1	0	0	0	0	0	0	0	0	0
3343650	0	Toronto	Adenoma	adenoma	0	1	51	f	0	0	0	162	72	27.43484225	1	0	0	0	0	0	0	0	0	0
3345650	0	MD Anderson	Normal	normal	1	0	55	f	1	0	0	170	86	29.75778547	1	0	0	0	0	0	0	1	0	0
3347653	0	MD Anderson	Normal	normal	0	1	61	m	0	0	0	175	76	24.81632653	0	0	0	0	1	0	0	0	0	0
3357650	0	Dana Farber	High Risk Normal	normal	0	1	61	f	0	0	0	177	65	20.74755019	1	0	0	0	0	0	0	0	0	0
3361650	29	Toronto	Adenoma	adenoma	0	1	63	m	1	1	0	165	80	29.38475666	1	0	0	0	0	0	0	0	0	0
3363660	0	MD Anderson	Normal	normal	0	1	58	m	0	1	1	177	91	29.04657027	1	0	0	0	0	0	0	1	0	0
3365650	0	Toronto	Adenoma	adenoma	0	1	52	m	1	0	0	185	104	30.3871439	1	0	0	0	0	0	0	0	0	0
3367653	0	MD Anderson	Normal	normal	0	0	56	f	1	0	0	167	59	21.1552942	1	0	0	0	0	0	0	0	0	0
3371650	16	U Michigan	Adenoma	adenoma	0	0	66	f	0	0	0	157	57	23.12467037	1	0	0	0	0	0	0	1	0	0
3373660	7	Toronto	Cancer	cancer	0	1	80	f	0	0	0	170	83	28.71972318	1	0	0	0	0	0	0	0	0	0
3375670	0	Toronto	Adenoma	adenoma	0	1	61	f	0	1	0	162	72	27.43484225	1	0	0	0	0	0	0	0	0	0
3377650	0	MD Anderson	Normal	normal	0	0	61	m	0	0	0	170	81	28.02768166	1	0	0	0	0	0	0	1	0	0
3381650	2472	U Michigan	Cancer	cancer	0	1	69	m	0	1	0	172	106	35.83017847	1	0	0	0	0	0	0	0	0	1
3385670	2667	Dana Farber	Cancer	cancer	1	1	45	f	1	0	0	170	88	30.44982699	1	0	0	0	0	0	0	0	0	0
3387660	354	Dana Farber	Cancer	cancer	1	1	88	m	1	0	0	180	88	27.16049383	1	0	0	0	0	0	0	0	0	0
3389690	933	U Michigan	Cancer	cancer	0	1	74	m	1	0	0	167	79	28.32658037	1	0	0	0	0	0	0	1	0	0
3391652	73	Toronto	adv Adenoma	adenoma	0	1	50	m	0	0	1	175	97	31.67346939	1	0	0	0	0	0	0	0	0	0
3399653	62	Toronto	adv Adenoma	adenoma	0	1	45	f	0	0	0	162	83	31.62627648	1	0	0	0	0	0	0	0	0	0
3401650	813	Dana Farber	adv Adenoma	adenoma	0	1	56	f	1	0	0	162	68	25.91068435	1	0	0	0	0	0	0	0	0	0
3403653	0	MD Anderson	Normal	normal	0	0	51	m	0	0	0	170	61	21.10726644	0	0	0	0	1	0	0	0	0	0
3405653	0	MD Anderson	Normal	normal	0	0	42	m	0	0	1	172	82	27.71768524	1	0	0	0	0	0	0	0	0	0
3407653	0	MD Anderson	Normal	normal	0	0	49	m	0	0	0	190	90	24.93074792	1	0	0	0	0	0	0	0	0	0
3409650	877	U Michigan	Cancer	cancer	0	0	56	m	1	0	0	177	68	21.70512943	1	0	0	0	0	0	0	0	0	0
3411650	0	Toronto	Adenoma	adenoma	0	1	77	m	1	0	0	165	64	23.50780533	1	0	0	0	0	0	0	0	0	0
3415660	0	MD Anderson	Normal	normal	0	1	62	f	1	0	0	157	71	28.80441397	1	0	0	0	0	0	0	0	0	0
3417653	0	Toronto	adv Adenoma	adenoma	0	1	74	m	1	0	0	167	72	25.81663021	1	0	0	0	0	0	0	0	0	0
3419660	0	Toronto	Adenoma	adenoma	1	1	69	m	1	0	0	177	83	26.49302563	1	0	0	0	0	0	0	0	0	0
3421653	0	MD Anderson	Normal	normal	0	0	51	f	0	0	0	162	46	17.52781588	0	0	0	0	1	0	0	0	0	0
3427670	0	MD Anderson	Normal	normal	0	0	60	m	0	0	1	187	106	30.31256256	1	0	0	0	0	0	0	0	0	0
3429653	0	MD Anderson	Normal	normal	0	0	32	m	0	0	1	180	102	31.48148148	1	0	0	0	0	0	1	0	0	0
3431650	1089	Dana Farber	Cancer	cancer	1	1	50	m	1	0	0	177	87	27.76979795	1	0	0	0	0	0	0	0	0	0
3433650	0	Dana Farber	High Risk Normal	normal	1	1	74	m	0	1	0	162	70	26.6727633	1	0	0	0	0	0	0	1	0	1
3435690	810	Dana Farber	Cancer	cancer	1	1	59	f	1	0	0	162	58	22.10028959	1	0	0	0	0	0	0	0	0	0
3437650	527	MD Anderson	Adenoma	adenoma	0	1	63	m	1	0	0	172	113	38.19632234	1	0	0	0	0	0	0	0	0	0
3439680	5	Dana Farber	Normal	normal	0	0	53	f	0	0	0	165	59	21.67125803	1	0	0	0	0	0	0	0	0	0
3441650	0	Dana Farber	Adenoma	adenoma	1	1	67	f	0	0	0	167	61	21.87242282	1	0	0	0	0	0	0	0	0	0
3443650	5	Dana Farber	Adenoma	adenoma	0	0	51	f	0	0	0	162	87	33.15043439	1	0	0	0	0	0	0	0	0	0
3445670	1982	Dana Farber	Cancer	cancer	1	1	47	m	0	0	1	175	81	26.44897959	1	0	0	0	0	0	0	0	0	0
3447650	0	Dana Farber	Adenoma	adenoma	0	1	48	m	1	0	0	172	88	29.74580855	1	0	0	0	0	0	0	0	0	0
3453650	752	U Michigan	Cancer	cancer	0	0	49	f	1	0	0	167	104	37.29068808	1	0	0	0	0	0	0	0	0	0
3455650	0	U Michigan	Adenoma	adenoma	0	0	44	m	0	0	0	172	106	35.83017847	1	0	0	0	0	0	0	0	0	0
3477660	20	MD Anderson	Normal	normal	0	0	56	f	0	0	0	177	78	24.89706023	1	0	0	0	0	0	0	0	0	0
3481660	90	MD Anderson	Normal	normal	0	0	55	m	1	0	0	165	90	33.05785124	0	0	0	0	0	1	1	0	0	0
3483651	0	Toronto	Normal	normal	0	0	61	f	0	0	0	168	59	20.90419501	1	0	0	0	0	0	0	0	0	0
3485680	0	Toronto	Normal	normal	0	0	67	m	0	0	0	165	78	28.65013774	1	0	0	0	0	0	0	0	0	0
3487650	0	MD Anderson	Normal	normal	0	0	62	m	0	0	0	187	95	27.16691927	1	0	0	0	0	0	0	0	0	0
3489670	2867	Dana Farber	Cancer	cancer	1	1	49	f	0	0	0	175	95	31.02040816	1	0	0	0	0	0	0	0	0	0
3491650	0	Toronto	Normal	normal	0	0	52	f	1	0	0	172	67	22.64737696	1	0	0	0	0	0	0	0	0	0
3495650	0	Toronto	High Risk Normal	normal	0	0	55	f	0	1	1	162	66	25.1486054	1	0	0	0	0	0	0	0	0	0
3497650	0	Toronto	adv Adenoma	adenoma	0	1	57	m	0	1	0	167	86	30.83653053	1	0	0	0	0	0	0	1	0	1
3499660	0	Dana Farber	Normal	normal	0	0	46	f	0	0	0	162	56	21.33821064	1	0	0	0	0	0	0	1	0	0
3501650	0	Dana Farber	High Risk Normal	normal	1	1	50	f	0	0	1	162	81	30.86419753	0	0	1	0	0	0	0	0	0	0
3503650	47	Toronto	Cancer	cancer	0	1	74	m	0	0	0	180	78	24.07407407	1	0	0	0	0	0	0	0	0	0
3509661	0	Toronto	Adenoma	adenoma	0	1	74	m	0	0	0	180	79	24.38271605	1	0	0	0	0	0	0	0	0	0
3511650	0	Toronto	Normal	normal	0	0	53	f	1	0	0	157	52	21.09619051	1	0	0	0	0	0	0	0	0	0
3515660	0	Toronto	Normal	normal	0	0	53	m	1	0	0	182	88	26.56683975	1	0	0	0	0	0	0	0	0	0
3517653	0	Toronto	Normal	normal	0	0	56	m	0	0	0	182	68	20.52892163	1	0	0	0	0	0	0	0	0	0
3519670	0	U Michigan	High Risk Normal	normal	0	1	58	f	0	0	0	167	99	35.49786654	0	0	1	0	0	0	0	0	0	0
3523650	0	Dana Farber	Adenoma	adenoma	0	1	55	m	0	0	0	185	66	19.28414901	1	0	0	0	0	0	0	1	0	0
3525650	0	U Michigan	adv Adenoma	adenoma	1	1	66	m	1	0	1	180	70	21.60493827	1	0	0	0	0	0	0	1	0	0
3527670	25	Dana Farber	High Risk Normal	normal	1	1	77	m	0	0	0	180	103	31.79012346	1	0	0	0	0	0	0	1	0	0
3529653	0	Dana Farber	Normal	normal	0	0	51	f	0	0	0	162	72	27.43484225	1	0	0	0	0	0	0	0	0	0
3531650	0	Dana Farber	Normal	normal	1	0	53	f	0	0	0	160	86	33.59375	1	0	0	0	0	0	0	0	0	0
3535650	0	U Michigan	adv Adenoma	adenoma	0	1	75	m	1	0	0	185	93	27.17311907	1	0	0	0	0	0	0	1	0	0
3537650	0	U Michigan	Normal	normal	0	0	56	f	0	0	0	160	69	26.953125	1	0	0	0	0	0	0	0	0	0
3551650	0	Dana Farber	Adenoma	adenoma	1	1	77	m	1	0	0	187	83	23.73530842	1	0	0	0	0	0	0	1	0	0
3561650	0	U Michigan	Normal	normal	0	0	51	f	0	0	0	167	71	25.4580659	1	0	0	0	0	0	0	0	0	0